{
  "1": {
    "target": 618.2979736328125,
    "tolerance": 5193.5107421875
  },
  "2": {
    "target": -365.1458435058594,
    "tolerance": 5590.748046875
  },
  "3": {
    "target": 233.36500549316406,
    "tolerance": 5890.7509765625
  },
  "4": {
    "target": -165.13905334472656,
    "tolerance": 5612.86865234375
  },
  "5": {
    "target": 12.080403327941895,
    "tolerance": 5993.96240234375
  },
  "6": {
    "target": -197.22024536132812,
    "tolerance": 5643.736328125
  },
  "7": {
    "target": -867.8147583007812,
    "tolerance": 5850.48974609375
  },
  "8": {
    "target": -265.8841857910156,
    "tolerance": 5748.18115234375
  }
}